Student_ID,First_Name,Last_Name
1,Emily,Gonzalez
2,Alice,Larson
3,Kelly,Tucker
4,Doris,Carr
5,Charles,Bailey
6,Frances,Palmer
7,Scott,Bishop
8,Linda,Wheeler
9,Amanda,Hunt
10,Peter,Campbell
11,Thomas,Fowler
12,Nancy,Payne
13,Evelyn,Gonzales
14,Julie,Black
15,Chris,Powell
16,Victor,Rice
17,Russell,Weaver
18,Beverly,Flores
19,Philip,Gray
20,Lois,Fisher
21,Juan,Peterson
22,Richard,Jackson
23,Kathy,Rivera
24,Jonathan,Ramos
25,Marilyn,Russell
26,Christine,Dean
27,Barbara,Harvey
28,Harry,Green
29,Rose,Gardner
30,Ashley,Bennett
31,Dennis,Myers
32,Christopher,Sanders
33,Justin,Johnston
34,Sara,Morales
35,Judy,Gibson
36,Dennis,Arnold
37,Barbara,Dixon
38,Helen,Harris
39,Jason,Peterson
40,Christine,Roberts
41,Cynthia,Scott
42,Wayne,Johnson
43,Philip,Oliver
44,Nicholas,Ross
45,Gregory,Peters
46,Tina,Ruiz
47,Gary,Sullivan
48,Carlos,Lopez
49,Janet,Welch
50,Joshua,Matthews
51,Ruth,Burton
52,Thomas,Olson
53,Amanda,Ray
54,Daniel,Rice
55,Angela,Bishop
56,Alan,Gray
57,Willie,Torres
58,Joe,Richards
59,Arthur,Bowman
60,Theresa,Lawson
61,Kathryn,Mitchell
62,Frank,Elliott
63,Lillian,Alexander
64,Shawn,Williamson
65,Karen,Wilson
66,Donna,Castillo
67,Patrick,Palmer
68,Lisa,Carr
69,Mary,Morgan
70,Pamela,Jenkins
71,Ernest,Reid
72,Joyce,Edwards
73,Bonnie,Ramos
74,Steven,Evans
75,Sandra,Powell
76,Earl,Moore
77,Craig,Robinson
78,Theresa,Wright
79,Clarence,Morrison
80,Steve,Sanders
81,Kathryn,Morgan
82,Arthur,Graham
83,Justin,Walker
84,Craig,Lynch
85,Jason,Hill
86,Bobby,Carter
87,John,Tucker
88,Kevin,Watson
89,George,Stewart
90,Lillian,Morris
91,Ralph,Holmes
92,Jeffrey,Thompson
93,Gerald,Arnold
94,Sharon,Tucker
95,Michelle,Vasquez
96,Daniel,Alvarez
97,Frank,Mcdonald
98,Joe,Martin
99,Evelyn,Webb
100,Adam,Gray
